{
    "0": {
        "fx": 921.9178512724409,
        "fy": 914.0375692219869,
        "cx": 619.7075258209327,
        "cy": 402.42086561867023,
        "k1": 0.0,
        "k2": -0.0,
        "p1": -0.0,
        "p2": -0.0,
        "k3": 0.0,
        "rvec": [
            -1.5235307216644287,
            -1.978925347328186,
            -0.05109240487217903
        ],
        "tvec": [
            -4.39909553527832,
            -2.6108176708221436,
            12.434099197387695
        ]
    },
    "1": {
        "fx": 933.8023930172675,
        "fy": 922.3773749049365,
        "cx": 591.7056943318304,
        "cy": 423.2144218627847,
        "k1": -0.0,
        "k2": 0.0,
        "p1": -0.0,
        "p2": -0.0,
        "k3": -0.0,
        "rvec": [
            -0.1463538557291031,
            2.9858860969543457,
            0.2496313601732254
        ],
        "tvec": [
            3.8938558101654053,
            -3.4787135124206543,
            11.200697898864746
        ]
    },
    "2": {
        "fx": 931.4673966067658,
        "fy": 930.2581922372821,
        "cx": 645.006235364859,
        "cy": 447.31200248825775,
        "k1": 0.0,
        "k2": 0.0,
        "p1": 0.0,
        "p2": 0.0,
        "k3": -0.0,
        "rvec": [
            0.23698709905147552,
            2.3187575340270996,
            0.575708270072937
        ],
        "tvec": [
            7.593802452087402,
            11.078094482421875,
            34.151893615722656
        ]
    },
    "3": {
        "fx": 910.6786041581761,
        "fy": 895.7349487358831,
        "cx": 618.7816171203237,
        "cy": 460.533626931851,
        "k1": -0.0,
        "k2": 0.0,
        "p1": 0.0,
        "p2": 0.0,
        "k3": -0.0,
        "rvec": [
            -2.9177050590515137,
            -0.8034889698028564,
            -0.8148308396339417
        ],
        "tvec": [
            -15.273313522338867,
            -1.2119967937469482,
            92.29666900634766
        ]
    }
}