{
    "0": {
        "fx": 2.0198579645358465,
        "fy": 258.3199189618647,
        "cx": 641.984823004526,
        "cy": 316.4603217205266,
        "k1": -0.000008966950682229136,
        "k2": -1.0189720347976774e-11,
        "p1": 0.00213690906892554,
        "p2": -0.0023260048184509205,
        "k3": -6.995533913125198e-18,
        "rvec": [
            -0.526385358131235,
            -0.1183293602981254,
            -0.7182323910281186
        ],
        "tvec": [
            -15.275863484126788,
            -0.2834412157064872,
            -3.4347209052768354
        ]
    },
    "1": {
        "fx": 134.81750527895117,
        "fy": 6.592532406337637,
        "cx": 1153.4550476123544,
        "cy": 333.0809917144163,
        "k1": 0.3618436608171988,
        "k2": -0.0007598265612413179,
        "p1": 0.012003685529016838,
        "p2": 0.014727626882150238,
        "k3": -0.00025859682172948983,
        "rvec": [
            0.4802729210126823,
            -0.8405505333224288,
            2.001839845673279
        ],
        "tvec": [
            34.636504131724098,
            2.2541130570754288,
            -15.585071139614405
        ]
    },
    "2": {
        "fx": 3501.7494626535869,
        "fy": 2587.0215143659449,
        "cx": 1689.125538818693,
        "cy": 268.57657536581777,
        "k1": 67.24948219523258,
        "k2": -0.03448023194124667,
        "p1": -0.06351121799790458,
        "p2": 0.1651087908203966,
        "k3": 0.0007985351679479946,
        "rvec": [
            0.5493079227459902,
            -1.1977321024360164,
            -0.11702291594601004
        ],
        "tvec": [
            -22.72858089069251,
            1.3644895617006825,
            135.96972582225477
        ]
    },
    "3": {
        "fx": 2030.530331003974,
        "fy": 1542.5566706297537,
        "cx": 2377.4164874494779,
        "cy": -654.9249044427853,
        "k1": -11.489325780924233,
        "k2": 69.53381293070017,
        "p1": 18.887623521581085,
        "p2": -10.370462027372368,
        "k3": -128.37251043172538,
        "rvec": [
            2.991180213735301,
            0.35295815782998016,
            -0.3040299402045058
        ],
        "tvec": [
            -35.11549388746436,
            17.76572599338625,
            112.97026398305894
        ]
    }
}